-- phpMyAdmin SQL Dump
-- version 5.0.2
-- https://www.phpmyadmin.net/
--
-- Host: 127.0.0.1
-- Generation Time: Feb 06, 2021 at 10:47 PM
-- Server version: 10.4.14-MariaDB
-- PHP Version: 7.2.33

SET SQL_MODE = "NO_AUTO_VALUE_ON_ZERO";
START TRANSACTION;
SET time_zone = "+00:00";


/*!40101 SET @OLD_CHARACTER_SET_CLIENT=@@CHARACTER_SET_CLIENT */;
/*!40101 SET @OLD_CHARACTER_SET_RESULTS=@@CHARACTER_SET_RESULTS */;
/*!40101 SET @OLD_COLLATION_CONNECTION=@@COLLATION_CONNECTION */;
/*!40101 SET NAMES utf8mb4 */;

--
-- Database: `laravel_eapi`
--

-- --------------------------------------------------------

--
-- Table structure for table `failed_jobs`
--

CREATE TABLE `failed_jobs` (
  `id` bigint(20) UNSIGNED NOT NULL,
  `connection` text COLLATE utf8mb4_unicode_ci NOT NULL,
  `queue` text COLLATE utf8mb4_unicode_ci NOT NULL,
  `payload` longtext COLLATE utf8mb4_unicode_ci NOT NULL,
  `exception` longtext COLLATE utf8mb4_unicode_ci NOT NULL,
  `failed_at` timestamp NOT NULL DEFAULT current_timestamp()
) ENGINE=InnoDB DEFAULT CHARSET=utf8mb4 COLLATE=utf8mb4_unicode_ci;

-- --------------------------------------------------------

--
-- Table structure for table `migrations`
--

CREATE TABLE `migrations` (
  `id` int(10) UNSIGNED NOT NULL,
  `migration` varchar(255) COLLATE utf8mb4_unicode_ci NOT NULL,
  `batch` int(11) NOT NULL
) ENGINE=InnoDB DEFAULT CHARSET=utf8mb4 COLLATE=utf8mb4_unicode_ci;

--
-- Dumping data for table `migrations`
--

INSERT INTO `migrations` (`id`, `migration`, `batch`) VALUES
(1, '2014_10_12_000000_create_users_table', 1),
(2, '2014_10_12_100000_create_password_resets_table', 1),
(3, '2019_08_19_000000_create_failed_jobs_table', 1),
(4, '2021_02_06_153347_create_products_table', 1),
(5, '2021_02_06_153423_create_reviews_table', 1);

-- --------------------------------------------------------

--
-- Table structure for table `password_resets`
--

CREATE TABLE `password_resets` (
  `email` varchar(255) COLLATE utf8mb4_unicode_ci NOT NULL,
  `token` varchar(255) COLLATE utf8mb4_unicode_ci NOT NULL,
  `created_at` timestamp NULL DEFAULT NULL
) ENGINE=InnoDB DEFAULT CHARSET=utf8mb4 COLLATE=utf8mb4_unicode_ci;

-- --------------------------------------------------------

--
-- Table structure for table `products`
--

CREATE TABLE `products` (
  `id` int(10) UNSIGNED NOT NULL,
  `name` varchar(255) COLLATE utf8mb4_unicode_ci NOT NULL,
  `detail` varchar(255) COLLATE utf8mb4_unicode_ci NOT NULL,
  `price` varchar(255) COLLATE utf8mb4_unicode_ci NOT NULL,
  `stock` varchar(255) COLLATE utf8mb4_unicode_ci NOT NULL,
  `discount` varchar(255) COLLATE utf8mb4_unicode_ci NOT NULL,
  `created_at` timestamp NULL DEFAULT NULL,
  `updated_at` timestamp NULL DEFAULT NULL
) ENGINE=InnoDB DEFAULT CHARSET=utf8mb4 COLLATE=utf8mb4_unicode_ci;

--
-- Dumping data for table `products`
--

INSERT INTO `products` (`id`, `name`, `detail`, `price`, `stock`, `discount`, `created_at`, `updated_at`) VALUES
(1, 'expedita', 'Molestiae cumque quae aliquam ut quos provident. Voluptas qui sit fugiat sit eos dolor. Assumenda repellat rerum facilis voluptatibus dolores. Ad rem ea dolor laborum reprehenderit nulla.', '732', '8', '16', '2021-02-06 15:33:10', '2021-02-06 15:33:10'),
(2, 'aperiam', 'Rerum asperiores inventore nobis enim voluptatum eaque. Et quidem et ducimus blanditiis dolorem. Molestias enim earum tempore itaque at beatae consequatur at. Placeat harum qui error dolores repudiandae suscipit quaerat. Voluptatem quidem ab sed.', '814', '9', '2', '2021-02-06 15:33:10', '2021-02-06 15:33:10'),
(3, 'qui', 'Molestias incidunt dolor corrupti et aut debitis dicta. Sequi ad error et et explicabo voluptatem iste similique. Voluptatem nulla ratione minus illo eaque cum. Et fugit adipisci tempora sit dolor perferendis corrupti.', '907', '5', '17', '2021-02-06 15:33:10', '2021-02-06 15:33:10'),
(4, 'et', 'Voluptatibus iusto aliquam sit quisquam. Eligendi non est odio veritatis. Deserunt molestiae quia tempore. Perspiciatis veniam cum consequatur.', '385', '8', '8', '2021-02-06 15:33:10', '2021-02-06 15:33:10'),
(5, 'explicabo', 'Tempora nihil inventore ut. Ea quia ad aliquam maxime impedit eum harum. Nulla sint est molestiae et possimus. Sed nostrum ut officia repellendus suscipit est in.', '885', '8', '23', '2021-02-06 15:33:10', '2021-02-06 15:33:10'),
(6, 'qui', 'Et ut eligendi ipsa culpa sapiente aliquid dolor. Accusamus voluptatem aliquam sed quo eveniet. Facilis enim voluptatibus asperiores perferendis. In vel corporis quaerat qui voluptas vel. Minima mollitia debitis similique laborum.', '551', '4', '6', '2021-02-06 15:33:10', '2021-02-06 15:33:10'),
(7, 'molestias', 'Deleniti vitae harum corrupti fuga quae fugiat. Fugiat rem nesciunt sed labore. Aliquid cum qui iste. Sit est possimus at enim. Culpa unde quibusdam quidem hic architecto quo est.', '577', '5', '3', '2021-02-06 15:33:10', '2021-02-06 15:33:10'),
(8, 'aut', 'Reiciendis et adipisci eveniet nam mollitia ea. Sequi accusamus laudantium possimus consequatur occaecati nisi. Et ex sed suscipit voluptatem dolor. Omnis quibusdam omnis ut animi distinctio.', '559', '5', '8', '2021-02-06 15:33:10', '2021-02-06 15:33:10'),
(9, 'magnam', 'Repudiandae occaecati vel fugit. Beatae et quos dolor quibusdam nemo unde. Dolor optio accusamus est maiores dolores quas.', '305', '2', '21', '2021-02-06 15:33:10', '2021-02-06 15:33:10'),
(10, 'rem', 'Rerum et dolorem dolores sit modi quis autem. Doloremque odio modi eaque cupiditate itaque maiores. Magni dolores itaque cumque dolorem explicabo. Aliquid quia placeat quaerat quia est dolorem.', '734', '2', '13', '2021-02-06 15:33:10', '2021-02-06 15:33:10'),
(11, 'tempora', 'Vero incidunt repellat quod animi magni numquam qui quis. Aliquid necessitatibus in nostrum cupiditate. Laudantium est quia maiores sed fugit.', '624', '4', '11', '2021-02-06 15:33:10', '2021-02-06 15:33:10'),
(12, 'aspernatur', 'Numquam corporis delectus ducimus dignissimos laborum in. Eos non et quos aut dolorum. Quo modi reiciendis voluptas maxime. Exercitationem accusantium hic et nulla quidem reiciendis.', '679', '2', '26', '2021-02-06 15:33:10', '2021-02-06 15:33:10'),
(13, 'impedit', 'In illum quia dolor id sint nesciunt. Voluptatem animi quia qui et. Et ut magni quibusdam ex corporis perspiciatis. Ea quae cum quasi voluptatem unde ducimus.', '482', '2', '9', '2021-02-06 15:33:10', '2021-02-06 15:33:10'),
(14, 'fugiat', 'Voluptas perferendis aut eius voluptatem voluptas voluptatem. Et et ipsam repudiandae quam et velit alias. Incidunt et excepturi eum qui explicabo.', '153', '4', '27', '2021-02-06 15:33:10', '2021-02-06 15:33:10'),
(15, 'molestiae', 'Voluptatem harum sapiente ratione autem. Placeat cum quia alias in expedita voluptatem unde quo. Dolorum modi rerum quia saepe perspiciatis voluptatem. Similique et repudiandae quidem eveniet consectetur.', '799', '2', '29', '2021-02-06 15:33:10', '2021-02-06 15:33:10'),
(16, 'dolores', 'Dolorem cupiditate et odit facilis nihil sunt et. Non praesentium omnis sed ducimus consectetur porro.', '541', '3', '2', '2021-02-06 15:39:55', '2021-02-06 15:39:55'),
(17, 'consequatur', 'Amet qui voluptatem esse perspiciatis. Laborum sint et ratione minima illum dicta praesentium.', '306', '9', '6', '2021-02-06 15:39:55', '2021-02-06 15:39:55'),
(18, 'fugiat', 'Nesciunt tenetur maxime voluptatem cupiditate. Tenetur voluptatem nulla praesentium cupiditate quisquam in vitae sit.', '515', '0', '17', '2021-02-06 15:39:55', '2021-02-06 15:39:55'),
(19, 'cumque', 'Doloremque facere ducimus pariatur minima quas optio.', '710', '6', '30', '2021-02-06 15:39:55', '2021-02-06 15:39:55'),
(20, 'similique', 'Explicabo ducimus et nisi adipisci autem in. Maxime accusamus voluptates neque quibusdam enim.', '665', '5', '22', '2021-02-06 15:39:55', '2021-02-06 15:39:55'),
(21, 'nisi', 'Laborum aliquam aut praesentium autem.', '466', '9', '18', '2021-02-06 15:39:55', '2021-02-06 15:39:55'),
(22, 'quis', 'Sint rerum odio fugiat ut unde dolore.', '197', '9', '25', '2021-02-06 15:39:55', '2021-02-06 15:39:55'),
(23, 'ea', 'Accusantium vitae neque nam ratione error quis quis. Sint necessitatibus eos maiores minima.', '434', '7', '10', '2021-02-06 15:39:55', '2021-02-06 15:39:55'),
(24, 'sed', 'Sed tempora vero aut quas at voluptas. Suscipit fugit debitis est minima sequi et sunt.', '141', '7', '5', '2021-02-06 15:39:55', '2021-02-06 15:39:55'),
(25, 'natus', 'Praesentium sint eius sequi id qui. Perferendis ipsum cupiditate consequuntur inventore soluta incidunt esse earum.', '645', '1', '12', '2021-02-06 15:39:55', '2021-02-06 15:39:55'),
(26, 'eum', 'Necessitatibus dolorem nostrum maiores maxime enim neque.', '935', '5', '27', '2021-02-06 15:39:55', '2021-02-06 15:39:55'),
(27, 'nulla', 'Eum voluptatum minima cumque earum et a illum. Aperiam temporibus animi in nihil magni odio.', '571', '4', '17', '2021-02-06 15:39:55', '2021-02-06 15:39:55'),
(28, 'aliquid', 'Iusto est est ratione blanditiis. Repellat asperiores corporis iste velit enim quas velit.', '866', '4', '10', '2021-02-06 15:39:55', '2021-02-06 15:39:55'),
(29, 'tempore', 'Qui accusamus hic vero deleniti vel nulla qui. Sit illum recusandae quidem omnis numquam architecto ut.', '831', '2', '6', '2021-02-06 15:39:55', '2021-02-06 15:39:55'),
(30, 'sequi', 'Sint eos nihil est inventore pariatur et.', '838', '6', '26', '2021-02-06 15:39:55', '2021-02-06 15:39:55'),
(31, 'excepturi', 'Perspiciatis amet totam aut aut a dolor.', '628', '5', '17', '2021-02-06 15:39:55', '2021-02-06 15:39:55'),
(32, 'et', 'Delectus nesciunt et aperiam adipisci fugit dolor rem deserunt.', '333', '2', '16', '2021-02-06 15:39:55', '2021-02-06 15:39:55'),
(33, 'ipsum', 'Deserunt aut magnam officia dignissimos adipisci. Blanditiis nam assumenda voluptate dolorum.', '257', '2', '18', '2021-02-06 15:39:55', '2021-02-06 15:39:55'),
(34, 'consequatur', 'Aut assumenda expedita porro atque et fugit esse.', '350', '4', '14', '2021-02-06 15:39:55', '2021-02-06 15:39:55'),
(35, 'rem', 'Blanditiis non saepe neque corrupti cupiditate voluptas nihil. Aspernatur mollitia hic et vero.', '404', '4', '9', '2021-02-06 15:39:55', '2021-02-06 15:39:55'),
(36, 'in', 'Nemo error quas sit consequatur et minima quisquam. Odio nulla ut aut alias in dolor.', '994', '9', '27', '2021-02-06 15:39:55', '2021-02-06 15:39:55'),
(37, 'molestiae', 'Ipsum dignissimos qui nemo libero ut dolor.', '427', '1', '16', '2021-02-06 15:39:55', '2021-02-06 15:39:55'),
(38, 'similique', 'Rerum perspiciatis minus molestias est qui quo enim.', '592', '0', '4', '2021-02-06 15:39:55', '2021-02-06 15:39:55'),
(39, 'cupiditate', 'Quis adipisci aut quis repudiandae commodi. Sint labore nesciunt quisquam harum fugit eius.', '515', '0', '2', '2021-02-06 15:39:55', '2021-02-06 15:39:55'),
(40, 'in', 'Ut praesentium magni quisquam optio in. Molestiae praesentium unde autem deleniti alias nemo necessitatibus.', '400', '1', '23', '2021-02-06 15:39:55', '2021-02-06 15:39:55'),
(41, 'pariatur', 'Eaque qui ducimus eius quibusdam et incidunt.', '613', '1', '17', '2021-02-06 15:39:55', '2021-02-06 15:39:55'),
(42, 'hic', 'Ut eligendi facere aut provident voluptates facilis.', '752', '5', '21', '2021-02-06 15:39:55', '2021-02-06 15:39:55'),
(43, 'sit', 'Aut voluptatem consequuntur ut consequatur sapiente ut cupiditate. Ipsa debitis et quis sed.', '741', '0', '28', '2021-02-06 15:39:55', '2021-02-06 15:39:55'),
(44, 'qui', 'Et praesentium labore aut aliquid tenetur illum aut.', '901', '3', '10', '2021-02-06 15:39:55', '2021-02-06 15:39:55'),
(45, 'voluptate', 'Fuga optio quis ex sit est.', '669', '1', '11', '2021-02-06 15:39:55', '2021-02-06 15:39:55'),
(46, 'id', 'Corrupti est nemo eius eius pariatur quam. Nostrum repellat et quia similique qui recusandae.', '157', '3', '18', '2021-02-06 15:39:55', '2021-02-06 15:39:55'),
(47, 'natus', 'Voluptatem odio perferendis incidunt eum rem sed totam.', '693', '3', '30', '2021-02-06 15:39:55', '2021-02-06 15:39:55'),
(48, 'dolores', 'Ut quo tempore in sed nostrum dolor illum.', '188', '4', '30', '2021-02-06 15:39:55', '2021-02-06 15:39:55'),
(49, 'voluptates', 'Sed voluptas quasi ea provident repudiandae consequatur itaque. Error earum inventore velit magnam.', '199', '2', '24', '2021-02-06 15:39:55', '2021-02-06 15:39:55'),
(50, 'ut', 'Itaque quos at deserunt omnis fuga quaerat. Reprehenderit velit et error est sit expedita.', '944', '3', '29', '2021-02-06 15:39:55', '2021-02-06 15:39:55'),
(51, 'dignissimos', 'Maxime corporis iure aperiam rerum quaerat.', '458', '1', '17', '2021-02-06 15:39:55', '2021-02-06 15:39:55'),
(52, 'libero', 'Eveniet est sed iusto quia qui veniam. Quas velit possimus id praesentium.', '854', '8', '11', '2021-02-06 15:39:56', '2021-02-06 15:39:56'),
(53, 'a', 'Ad eos cupiditate praesentium ab culpa omnis consequuntur et.', '465', '1', '13', '2021-02-06 15:39:56', '2021-02-06 15:39:56'),
(54, 'doloribus', 'Error ut suscipit et nesciunt fugiat possimus. In odit veritatis amet officiis et aut et.', '356', '6', '2', '2021-02-06 15:39:56', '2021-02-06 15:39:56'),
(55, 'mollitia', 'Expedita fugiat aliquam ipsum. Et doloremque placeat quas eos atque et rerum.', '597', '8', '27', '2021-02-06 15:39:56', '2021-02-06 15:39:56'),
(56, 'est', 'Dolorem amet quo sed sapiente cumque. Culpa rerum perferendis tempore quidem similique.', '699', '9', '14', '2021-02-06 15:39:56', '2021-02-06 15:39:56'),
(57, 'dolore', 'Assumenda omnis praesentium nostrum.', '360', '9', '27', '2021-02-06 15:39:56', '2021-02-06 15:39:56'),
(58, 'enim', 'Quisquam dignissimos qui fugit ea illo.', '750', '5', '30', '2021-02-06 15:39:56', '2021-02-06 15:39:56'),
(59, 'ipsa', 'Omnis sint quis qui rerum occaecati suscipit. Ea maiores et explicabo.', '663', '8', '18', '2021-02-06 15:39:56', '2021-02-06 15:39:56'),
(60, 'molestiae', 'Quia eos ea consectetur voluptas quibusdam.', '528', '5', '15', '2021-02-06 15:39:56', '2021-02-06 15:39:56'),
(61, 'suscipit', 'Amet quae neque repudiandae numquam dolor in voluptatem illum.', '743', '0', '28', '2021-02-06 15:39:56', '2021-02-06 15:39:56'),
(62, 'voluptatem', 'Laboriosam numquam nihil culpa voluptas dolores incidunt.', '799', '5', '7', '2021-02-06 15:39:56', '2021-02-06 15:39:56'),
(63, 'maiores', 'Eaque sit officia velit voluptatem.', '597', '5', '20', '2021-02-06 15:39:56', '2021-02-06 15:39:56'),
(64, 'hic', 'Quibusdam officiis aut aut non velit fuga.', '705', '2', '13', '2021-02-06 15:39:56', '2021-02-06 15:39:56'),
(65, 'non', 'Quam pariatur vitae ab quam.', '136', '7', '24', '2021-02-06 15:39:56', '2021-02-06 15:39:56'),
(66, 'consequatur', 'Aut vel eum tempore.', '511', '0', '9', '2021-02-06 15:41:11', '2021-02-06 15:41:11'),
(67, 'quam', 'Et nam laboriosam labore voluptate voluptatem repudiandae sit.', '240', '8', '16', '2021-02-06 15:41:11', '2021-02-06 15:41:11'),
(68, 'odio', 'Magni nesciunt veniam est pariatur voluptas ab rerum. Perspiciatis facilis nobis sunt distinctio ducimus.', '206', '8', '4', '2021-02-06 15:41:11', '2021-02-06 15:41:11'),
(69, 'cum', 'Similique accusantium ab odit quisquam alias.', '545', '1', '5', '2021-02-06 15:41:11', '2021-02-06 15:41:11'),
(70, 'alias', 'Alias eligendi qui rerum doloremque aliquam aspernatur delectus.', '785', '5', '29', '2021-02-06 15:41:11', '2021-02-06 15:41:11'),
(71, 'reiciendis', 'Ratione consequatur repellendus dicta quis id.', '781', '6', '24', '2021-02-06 15:41:11', '2021-02-06 15:41:11'),
(72, 'officia', 'Ratione et et officiis quaerat est quibusdam. Maxime nulla eum et cumque consequatur et.', '997', '4', '2', '2021-02-06 15:41:11', '2021-02-06 15:41:11'),
(73, 'non', 'Est et est fugiat qui.', '321', '7', '6', '2021-02-06 15:41:11', '2021-02-06 15:41:11'),
(74, 'aperiam', 'Nulla incidunt maiores impedit quia non. Non doloribus in molestiae id.', '225', '0', '28', '2021-02-06 15:41:11', '2021-02-06 15:41:11'),
(75, 'eaque', 'Voluptatem laboriosam odit facilis quo inventore. Temporibus natus omnis voluptates libero sed sequi.', '724', '6', '25', '2021-02-06 15:41:11', '2021-02-06 15:41:11'),
(76, 'et', 'Optio sunt eveniet in rem quis aut aut. Ducimus voluptas exercitationem et doloremque repellat.', '613', '9', '15', '2021-02-06 15:41:11', '2021-02-06 15:41:11'),
(77, 'nemo', 'Est repellat cum quas autem dolores id. Temporibus amet sint omnis aut.', '354', '8', '23', '2021-02-06 15:41:11', '2021-02-06 15:41:11'),
(78, 'inventore', 'Culpa magni est excepturi adipisci non earum nemo.', '734', '3', '2', '2021-02-06 15:41:11', '2021-02-06 15:41:11'),
(79, 'voluptatem', 'Facere repellendus et illo magnam iure laboriosam ad.', '176', '4', '22', '2021-02-06 15:41:11', '2021-02-06 15:41:11'),
(80, 'dolores', 'Voluptatum et amet eos temporibus qui.', '868', '2', '28', '2021-02-06 15:41:11', '2021-02-06 15:41:11'),
(81, 'aut', 'Aspernatur dolores id deserunt hic. Sed nemo autem ut adipisci eaque.', '722', '1', '7', '2021-02-06 15:41:11', '2021-02-06 15:41:11'),
(82, 'laborum', 'Provident incidunt accusantium cupiditate voluptates placeat. Non quia iusto suscipit impedit.', '732', '1', '26', '2021-02-06 15:41:11', '2021-02-06 15:41:11'),
(83, 'ex', 'Sed sint non sit esse a iusto quia.', '153', '6', '28', '2021-02-06 15:41:11', '2021-02-06 15:41:11'),
(84, 'pariatur', 'Quidem voluptate recusandae voluptates repudiandae ullam nam.', '281', '8', '15', '2021-02-06 15:41:11', '2021-02-06 15:41:11'),
(85, 'numquam', 'Architecto exercitationem et quis voluptates ipsum optio vitae.', '518', '6', '12', '2021-02-06 15:41:11', '2021-02-06 15:41:11'),
(86, 'excepturi', 'Mollitia quam et alias atque sit quia in. Doloremque doloribus nulla non excepturi omnis labore.', '178', '4', '12', '2021-02-06 15:41:11', '2021-02-06 15:41:11'),
(87, 'eius', 'Molestias rerum dolorem unde facilis magni. Vel quas omnis nobis ut impedit.', '892', '4', '10', '2021-02-06 15:41:11', '2021-02-06 15:41:11'),
(88, 'inventore', 'Eligendi tempora ipsam unde. Qui sed quia distinctio optio.', '609', '4', '6', '2021-02-06 15:41:11', '2021-02-06 15:41:11'),
(89, 'dolor', 'Nobis et expedita delectus deserunt nihil non voluptatem qui.', '777', '8', '17', '2021-02-06 15:41:11', '2021-02-06 15:41:11'),
(90, 'assumenda', 'Quasi quas qui pariatur iste. Modi dolores aliquam eos sunt asperiores quis.', '745', '9', '24', '2021-02-06 15:41:11', '2021-02-06 15:41:11'),
(91, 'et', 'Asperiores sit voluptas facilis deserunt. Perferendis id id delectus mollitia aut tempora possimus.', '454', '2', '17', '2021-02-06 15:41:11', '2021-02-06 15:41:11'),
(92, 'quaerat', 'Numquam ut asperiores numquam atque et. Autem tempora qui non molestias cupiditate id voluptatibus.', '271', '7', '13', '2021-02-06 15:41:11', '2021-02-06 15:41:11'),
(93, 'aut', 'Provident aut architecto dolorem totam vitae in. Rerum quis et quae reiciendis nostrum.', '213', '4', '24', '2021-02-06 15:41:11', '2021-02-06 15:41:11'),
(94, 'impedit', 'Dolorum nostrum soluta veniam natus quae eum. Repellat est aliquid amet est nihil est eum.', '780', '1', '13', '2021-02-06 15:41:11', '2021-02-06 15:41:11'),
(95, 'ducimus', 'Minus voluptatum cupiditate harum neque a consequatur deleniti.', '775', '1', '19', '2021-02-06 15:41:11', '2021-02-06 15:41:11'),
(96, 'ducimus', 'Officia a rem voluptate et unde.', '693', '6', '12', '2021-02-06 15:41:11', '2021-02-06 15:41:11'),
(97, 'quia', 'Delectus voluptatem sed odit rerum iste. Error nisi corporis recusandae distinctio.', '196', '0', '5', '2021-02-06 15:41:11', '2021-02-06 15:41:11'),
(98, 'totam', 'Ut velit similique dicta quo et.', '744', '4', '7', '2021-02-06 15:41:11', '2021-02-06 15:41:11'),
(99, 'laudantium', 'Quis quibusdam aut cum ad dicta illo. Inventore illo fuga itaque.', '340', '6', '9', '2021-02-06 15:41:11', '2021-02-06 15:41:11'),
(100, 'unde', 'Omnis illum et et quo quibusdam. Et eum quisquam minima non voluptatibus aut eos odio.', '995', '3', '22', '2021-02-06 15:41:11', '2021-02-06 15:41:11'),
(101, 'sed', 'Aut eligendi porro voluptatem eum maiores.', '634', '5', '5', '2021-02-06 15:41:11', '2021-02-06 15:41:11'),
(102, 'dolores', 'Sunt quo magni et qui asperiores est doloribus. Vitae mollitia consequatur dolor quos ipsa.', '346', '3', '13', '2021-02-06 15:41:11', '2021-02-06 15:41:11'),
(103, 'tempore', 'Blanditiis et est quos ut et.', '952', '9', '11', '2021-02-06 15:41:11', '2021-02-06 15:41:11'),
(104, 'rerum', 'Et ab iure officiis qui officiis quaerat.', '319', '1', '10', '2021-02-06 15:41:11', '2021-02-06 15:41:11'),
(105, 'est', 'Enim illo voluptatem saepe consequatur error qui laboriosam et. Alias vel dolores ipsa pariatur.', '166', '1', '13', '2021-02-06 15:41:11', '2021-02-06 15:41:11'),
(106, 'sit', 'Velit minus repudiandae autem. Distinctio consequatur et deserunt.', '945', '3', '19', '2021-02-06 15:41:11', '2021-02-06 15:41:11'),
(107, 'sed', 'Voluptatem enim inventore reiciendis. Porro optio accusantium reiciendis suscipit quod exercitationem ipsa.', '668', '4', '10', '2021-02-06 15:41:11', '2021-02-06 15:41:11'),
(108, 'cumque', 'Eius a et blanditiis culpa. Explicabo non nihil dolorum qui rerum.', '225', '5', '21', '2021-02-06 15:41:11', '2021-02-06 15:41:11'),
(109, 'sunt', 'Assumenda dolore facere illum cum deserunt. Assumenda doloremque rerum in suscipit.', '862', '3', '9', '2021-02-06 15:41:11', '2021-02-06 15:41:11'),
(110, 'labore', 'Architecto esse quia modi vel et ut. Dignissimos consequatur et et.', '264', '2', '21', '2021-02-06 15:41:11', '2021-02-06 15:41:11'),
(111, 'qui', 'Nihil ut qui eum odio quae libero voluptatibus ducimus.', '974', '0', '7', '2021-02-06 15:41:11', '2021-02-06 15:41:11'),
(112, 'minima', 'Est quia consequatur doloremque enim voluptates qui. Occaecati commodi quidem dolor ullam incidunt voluptatum ut sit.', '960', '6', '2', '2021-02-06 15:41:11', '2021-02-06 15:41:11'),
(113, 'repellat', 'Qui libero voluptas dicta ratione. Delectus aliquam perspiciatis et maiores rerum omnis.', '398', '2', '10', '2021-02-06 15:41:11', '2021-02-06 15:41:11'),
(114, 'iure', 'Voluptas rerum voluptatem debitis inventore at aut. Quia et fugit tempore voluptatem.', '733', '3', '21', '2021-02-06 15:41:11', '2021-02-06 15:41:11'),
(115, 'vel', 'Amet consequatur quibusdam sit unde porro. Voluptas aspernatur aperiam cupiditate quidem est.', '414', '4', '30', '2021-02-06 15:41:11', '2021-02-06 15:41:11');

-- --------------------------------------------------------

--
-- Table structure for table `reviews`
--

CREATE TABLE `reviews` (
  `id` int(10) UNSIGNED NOT NULL,
  `product_id` int(10) UNSIGNED NOT NULL,
  `customar` varchar(255) COLLATE utf8mb4_unicode_ci NOT NULL,
  `rebview` text COLLATE utf8mb4_unicode_ci NOT NULL,
  `star` int(11) NOT NULL,
  `created_at` timestamp NULL DEFAULT NULL,
  `updated_at` timestamp NULL DEFAULT NULL
) ENGINE=InnoDB DEFAULT CHARSET=utf8mb4 COLLATE=utf8mb4_unicode_ci;

--
-- Dumping data for table `reviews`
--

INSERT INTO `reviews` (`id`, `product_id`, `customar`, `rebview`, `star`, `created_at`, `updated_at`) VALUES
(1, 16, 'Shannon Lakin MD', 'Accusamus incidunt cupiditate perspiciatis maiores est reprehenderit. Ad adipisci suscipit aut.', 0, '2021-02-06 15:41:12', '2021-02-06 15:41:12'),
(2, 58, 'Sonny Shields', 'Dolore adipisci qui cumque. Laboriosam quia vel ab et qui molestiae omnis voluptatem.', 0, '2021-02-06 15:41:12', '2021-02-06 15:41:12'),
(3, 101, 'Prof. Matteo Donnelly', 'Ut rem soluta ex sed qui consequatur.', 1, '2021-02-06 15:41:12', '2021-02-06 15:41:12'),
(4, 101, 'Mr. Ephraim Shanahan III', 'Sit aut aut in nobis ullam porro.', 3, '2021-02-06 15:41:12', '2021-02-06 15:41:12'),
(5, 98, 'Filomena Rolfson', 'Aut sit eius sed quam nihil praesentium qui. Inventore vero maxime ipsam et.', 4, '2021-02-06 15:41:12', '2021-02-06 15:41:12'),
(6, 90, 'Mrs. Genevieve Jaskolski', 'Quibusdam architecto quia ullam totam placeat ab. Natus numquam laboriosam reiciendis sunt qui et odio.', 2, '2021-02-06 15:41:12', '2021-02-06 15:41:12'),
(7, 42, 'Jerel Kunde', 'Eveniet nihil eligendi quis et voluptatem qui. Labore dolorem ea qui repellendus adipisci ab.', 2, '2021-02-06 15:41:12', '2021-02-06 15:41:12'),
(8, 22, 'Ms. Lysanne Adams DVM', 'Nobis quia cupiditate modi illum vel eveniet aspernatur. At modi laborum consectetur nihil ratione.', 1, '2021-02-06 15:41:12', '2021-02-06 15:41:12'),
(9, 61, 'Heber Upton PhD', 'Ullam molestiae facere fugiat illum ut sit. Et neque amet minima.', 3, '2021-02-06 15:41:12', '2021-02-06 15:41:12'),
(10, 88, 'Lelia Pouros', 'Exercitationem ea et et qui tempora earum. Assumenda eos dolor molestias dolorum qui recusandae.', 1, '2021-02-06 15:41:12', '2021-02-06 15:41:12'),
(11, 93, 'Rachael Terry PhD', 'Non magni odit necessitatibus iste omnis.', 0, '2021-02-06 15:41:12', '2021-02-06 15:41:12'),
(12, 104, 'Calista Volkman', 'Aut nostrum sunt ea odio harum eaque eum. Deleniti quia nemo quia sunt.', 1, '2021-02-06 15:41:12', '2021-02-06 15:41:12'),
(13, 44, 'Mr. Cruz Metz MD', 'Quos dolorum atque in voluptatem quo.', 4, '2021-02-06 15:41:12', '2021-02-06 15:41:12'),
(14, 24, 'Kyleigh Huel', 'Quia qui qui nihil et.', 3, '2021-02-06 15:41:12', '2021-02-06 15:41:12'),
(15, 7, 'Layne Christiansen', 'Fuga ipsam id et officia sequi.', 3, '2021-02-06 15:41:12', '2021-02-06 15:41:12'),
(16, 103, 'Felipa Boyer', 'Neque suscipit molestias aut quos. Ab enim qui quia cumque libero aut.', 2, '2021-02-06 15:41:12', '2021-02-06 15:41:12'),
(17, 108, 'Dejon Wehner', 'Deserunt et recusandae pariatur. Quo qui vel cupiditate similique qui.', 4, '2021-02-06 15:41:12', '2021-02-06 15:41:12'),
(18, 16, 'Nolan Weber', 'Eos unde dolorem mollitia neque. Laborum tempora dolores iste mollitia.', 4, '2021-02-06 15:41:12', '2021-02-06 15:41:12'),
(19, 108, 'Pearline Kunde Sr.', 'Ipsam aut repellat soluta qui enim. Enim voluptatibus iusto sit velit dolorem iure.', 2, '2021-02-06 15:41:12', '2021-02-06 15:41:12'),
(20, 54, 'Braeden Wolf', 'Non laudantium voluptatem dicta dolor.', 1, '2021-02-06 15:41:12', '2021-02-06 15:41:12'),
(21, 33, 'Mr. Glen Yost', 'Sit et et tempora dolor.', 5, '2021-02-06 15:41:12', '2021-02-06 15:41:12'),
(22, 46, 'Dayne Sporer I', 'Tenetur eius dolores dolor commodi voluptate sed. Odit laudantium modi exercitationem temporibus qui quasi.', 4, '2021-02-06 15:41:12', '2021-02-06 15:41:12'),
(23, 70, 'Mr. Percy Bailey DVM', 'Eius quidem saepe ratione voluptas est vitae voluptatem.', 0, '2021-02-06 15:41:12', '2021-02-06 15:41:12'),
(24, 14, 'Donnell Ledner', 'Possimus occaecati doloribus ullam dolorum repellendus. Laborum delectus laudantium temporibus iusto.', 4, '2021-02-06 15:41:13', '2021-02-06 15:41:13'),
(25, 33, 'Maymie Kerluke', 'Odio quos inventore est et totam impedit magni ex.', 2, '2021-02-06 15:41:13', '2021-02-06 15:41:13'),
(26, 29, 'Wyman Kiehn', 'Voluptatem tempore voluptatum sint nesciunt est ipsam. Quisquam ut unde suscipit quo.', 4, '2021-02-06 15:41:13', '2021-02-06 15:41:13'),
(27, 55, 'Gerardo Russel', 'Vel explicabo quia dolor in officia sunt.', 3, '2021-02-06 15:41:13', '2021-02-06 15:41:13'),
(28, 108, 'Chanel Johns', 'Et asperiores eos nostrum laudantium et sed.', 1, '2021-02-06 15:41:13', '2021-02-06 15:41:13'),
(29, 16, 'Tyra Cummerata MD', 'Repudiandae voluptas quo dolore accusamus veniam accusamus iusto ipsam. Dolorum et quae ea ratione.', 0, '2021-02-06 15:41:13', '2021-02-06 15:41:13'),
(30, 24, 'Mr. Dylan Pouros', 'Eos quo eligendi non autem et rerum nisi.', 3, '2021-02-06 15:41:13', '2021-02-06 15:41:13'),
(31, 49, 'Brian Lowe IV', 'Qui commodi omnis ea explicabo consequatur neque ipsam. Ipsam quasi voluptatem deserunt.', 3, '2021-02-06 15:41:13', '2021-02-06 15:41:13'),
(32, 4, 'Miss Marlee Blanda', 'Rerum ut exercitationem corporis voluptas ipsam nostrum.', 5, '2021-02-06 15:41:13', '2021-02-06 15:41:13'),
(33, 86, 'Paris Abshire', 'Excepturi tempora eum et odio aperiam quo debitis vel.', 0, '2021-02-06 15:41:13', '2021-02-06 15:41:13'),
(34, 92, 'Kian Shanahan MD', 'Quis tempore expedita sequi illo aut.', 2, '2021-02-06 15:41:13', '2021-02-06 15:41:13'),
(35, 35, 'Miss Kailyn Schultz', 'Sint aut iste consequuntur sint corrupti nulla. Nostrum ut reprehenderit quidem ad unde et.', 3, '2021-02-06 15:41:13', '2021-02-06 15:41:13'),
(36, 96, 'Prof. Kaylie Kuvalis PhD', 'Explicabo rerum consequatur ad ut amet.', 5, '2021-02-06 15:41:13', '2021-02-06 15:41:13'),
(37, 109, 'Dorthy McClure I', 'Qui velit placeat laudantium recusandae ullam illum incidunt.', 1, '2021-02-06 15:41:13', '2021-02-06 15:41:13'),
(38, 81, 'Demetris Emard', 'Ea nihil sit qui. Laborum eum quis aliquid non non amet.', 2, '2021-02-06 15:41:13', '2021-02-06 15:41:13'),
(39, 86, 'Dr. Max Cummings', 'Sunt consequatur voluptas dignissimos cum placeat.', 4, '2021-02-06 15:41:13', '2021-02-06 15:41:13'),
(40, 7, 'Rory Schumm', 'Quae hic quaerat omnis est ea aut eligendi. Qui alias maiores in corrupti id.', 2, '2021-02-06 15:41:13', '2021-02-06 15:41:13'),
(41, 75, 'Mr. Golden Stracke', 'Ut fugiat aut labore qui et et. Iste quisquam qui officia occaecati minima.', 2, '2021-02-06 15:41:13', '2021-02-06 15:41:13'),
(42, 64, 'Genesis Abernathy', 'Aut sit qui cumque qui.', 2, '2021-02-06 15:41:13', '2021-02-06 15:41:13'),
(43, 40, 'Pasquale Kuhlman', 'In voluptatem eos odit repellat impedit repellat incidunt.', 4, '2021-02-06 15:41:13', '2021-02-06 15:41:13'),
(44, 80, 'Mr. Edward Raynor', 'Quaerat quidem dolorem voluptatem in dolorem quasi iusto.', 0, '2021-02-06 15:41:13', '2021-02-06 15:41:13'),
(45, 114, 'Ms. Meta Larkin MD', 'Nihil porro vel omnis aperiam iure consequatur fuga autem.', 3, '2021-02-06 15:41:13', '2021-02-06 15:41:13'),
(46, 110, 'Leora Beier', 'Officia molestiae enim voluptate in porro.', 3, '2021-02-06 15:41:13', '2021-02-06 15:41:13'),
(47, 74, 'Amos Eichmann IV', 'Aut dolor est delectus.', 5, '2021-02-06 15:41:13', '2021-02-06 15:41:13'),
(48, 93, 'Mrs. Mathilde Runte', 'Rem assumenda enim et corrupti sequi odit. Est officiis minus eos fuga.', 4, '2021-02-06 15:41:13', '2021-02-06 15:41:13'),
(49, 31, 'Zander Marquardt', 'Est consequatur ad aliquid modi illo amet ratione. Quas facilis odit nihil.', 4, '2021-02-06 15:41:13', '2021-02-06 15:41:13'),
(50, 93, 'Lauriane Hand', 'Dolorem accusantium nobis odio eaque.', 5, '2021-02-06 15:41:13', '2021-02-06 15:41:13'),
(51, 88, 'Mr. Randi Doyle', 'Maiores nobis nostrum est quaerat aut.', 1, '2021-02-06 15:41:13', '2021-02-06 15:41:13'),
(52, 31, 'Mr. Levi Conn IV', 'Aut est eos ab ad cumque officiis quo. Omnis sequi consequatur aut.', 0, '2021-02-06 15:41:13', '2021-02-06 15:41:13'),
(53, 100, 'Marley Ward', 'Cupiditate accusamus aliquid autem est rerum iste saepe.', 4, '2021-02-06 15:41:13', '2021-02-06 15:41:13'),
(54, 81, 'Derek Abbott IV', 'Itaque ut hic accusantium. Ut assumenda dignissimos consectetur praesentium culpa sed sit.', 2, '2021-02-06 15:41:13', '2021-02-06 15:41:13'),
(55, 103, 'Loyal Stoltenberg', 'Fugit ab sunt velit qui modi itaque.', 5, '2021-02-06 15:41:13', '2021-02-06 15:41:13'),
(56, 23, 'Jess Krajcik III', 'Error non id non ab aut fugiat nam.', 2, '2021-02-06 15:41:13', '2021-02-06 15:41:13'),
(57, 84, 'Morris Lubowitz', 'Omnis est omnis magni pariatur enim ea at nobis. Rerum explicabo quas modi.', 4, '2021-02-06 15:41:13', '2021-02-06 15:41:13'),
(58, 43, 'Dr. Weston Hyatt', 'Aliquid modi numquam quia nobis qui.', 2, '2021-02-06 15:41:13', '2021-02-06 15:41:13'),
(59, 20, 'Prof. Opal Jacobson I', 'Dolor repellendus maiores ea vel non. Alias optio aspernatur laborum laudantium suscipit quo dolores.', 4, '2021-02-06 15:41:13', '2021-02-06 15:41:13'),
(60, 11, 'Keely Bernier DVM', 'Aut voluptatem dolores itaque mollitia rerum voluptas inventore.', 3, '2021-02-06 15:41:13', '2021-02-06 15:41:13'),
(61, 78, 'Alyson Haley', 'Dolores praesentium dolores reiciendis consequatur.', 3, '2021-02-06 15:41:13', '2021-02-06 15:41:13'),
(62, 71, 'Conner Gerhold', 'Sit cum itaque impedit ad aut.', 1, '2021-02-06 15:41:13', '2021-02-06 15:41:13'),
(63, 46, 'Prof. Kenneth Steuber', 'Velit quam voluptatem aliquid quo. Exercitationem omnis sunt harum quod.', 1, '2021-02-06 15:41:13', '2021-02-06 15:41:13'),
(64, 65, 'Ms. Kailyn Kihn', 'Dolore vel dolores fugit ut.', 0, '2021-02-06 15:41:13', '2021-02-06 15:41:13'),
(65, 31, 'Michele Towne', 'Vel qui soluta harum necessitatibus magni quae.', 5, '2021-02-06 15:41:13', '2021-02-06 15:41:13'),
(66, 70, 'Roger Kub', 'Voluptas rem quia corrupti in ut. Neque quasi aut nihil explicabo.', 4, '2021-02-06 15:41:13', '2021-02-06 15:41:13'),
(67, 110, 'Miss Melissa Cummings', 'Non et sint commodi aut accusamus. Aut iste temporibus placeat.', 1, '2021-02-06 15:41:13', '2021-02-06 15:41:13'),
(68, 77, 'Blanca Skiles', 'Repudiandae quod aspernatur dolore ratione quaerat. Iste quae quas quia et excepturi.', 2, '2021-02-06 15:41:13', '2021-02-06 15:41:13'),
(69, 56, 'Casandra Mann', 'Non illum vel sint quisquam quisquam ipsam. Est nemo illum id unde.', 4, '2021-02-06 15:41:13', '2021-02-06 15:41:13'),
(70, 75, 'Carleton Klein', 'Cum cumque quis delectus fugit natus incidunt consectetur.', 1, '2021-02-06 15:41:13', '2021-02-06 15:41:13'),
(71, 101, 'Dr. Doyle Tromp Sr.', 'Voluptatum animi soluta atque ut debitis et fugit.', 0, '2021-02-06 15:41:13', '2021-02-06 15:41:13'),
(72, 13, 'Rex Crooks', 'Voluptate sint similique quia aliquid sint quas enim. Quisquam ut vero numquam inventore quam error.', 0, '2021-02-06 15:41:13', '2021-02-06 15:41:13'),
(73, 108, 'Miss Laney Klein Jr.', 'Blanditiis ea repellendus error quibusdam repellendus asperiores. Beatae dolores alias vel et ipsa illum ab quo.', 4, '2021-02-06 15:41:13', '2021-02-06 15:41:13'),
(74, 63, 'Miss Anjali Powlowski Jr.', 'Impedit repellat natus quidem temporibus explicabo molestiae numquam.', 4, '2021-02-06 15:41:13', '2021-02-06 15:41:13'),
(75, 3, 'Colton Bartoletti', 'Aliquam consectetur corporis itaque dolor atque odio omnis.', 4, '2021-02-06 15:41:13', '2021-02-06 15:41:13'),
(76, 106, 'Mr. Garry Lind I', 'Qui qui est aut eaque nemo similique aut dicta.', 2, '2021-02-06 15:41:13', '2021-02-06 15:41:13'),
(77, 96, 'Hazel Donnelly DDS', 'Sunt voluptatum et exercitationem non nulla.', 2, '2021-02-06 15:41:13', '2021-02-06 15:41:13'),
(78, 22, 'Uriel Johns', 'Et ad neque dolores totam natus. Earum tempora non repellendus id enim.', 4, '2021-02-06 15:41:13', '2021-02-06 15:41:13'),
(79, 34, 'Prof. Brenda Gerhold', 'Repellat error placeat et.', 1, '2021-02-06 15:41:13', '2021-02-06 15:41:13'),
(80, 64, 'Jamir Reichert', 'Aliquid et et quis.', 2, '2021-02-06 15:41:13', '2021-02-06 15:41:13'),
(81, 109, 'Ms. Katherine Weber PhD', 'Doloremque autem vero libero pariatur aut error aut perspiciatis.', 1, '2021-02-06 15:41:13', '2021-02-06 15:41:13'),
(82, 49, 'Julianne Conroy III', 'Ipsum alias qui sunt ut ipsam molestiae nobis.', 1, '2021-02-06 15:41:13', '2021-02-06 15:41:13'),
(83, 50, 'Nettie Auer MD', 'Non quo quo laudantium harum rerum nihil mollitia.', 0, '2021-02-06 15:41:13', '2021-02-06 15:41:13'),
(84, 24, 'Casey Gusikowski DDS', 'Repellat omnis eos sed praesentium qui sed.', 5, '2021-02-06 15:41:13', '2021-02-06 15:41:13'),
(85, 46, 'Gerda Hyatt', 'Quisquam voluptas amet et amet mollitia laudantium.', 5, '2021-02-06 15:41:13', '2021-02-06 15:41:13'),
(86, 49, 'Ms. Laura Barton', 'Eius itaque ut id impedit eaque dicta aut. Natus officia libero voluptas.', 5, '2021-02-06 15:41:13', '2021-02-06 15:41:13'),
(87, 66, 'Mr. Frank Lynch III', 'Sed laboriosam laborum omnis nemo quia. Aperiam quo earum eaque dolore a.', 5, '2021-02-06 15:41:13', '2021-02-06 15:41:13'),
(88, 105, 'Emilia Rippin', 'Et libero ut assumenda asperiores beatae consequatur.', 5, '2021-02-06 15:41:13', '2021-02-06 15:41:13'),
(89, 64, 'Ian Kilback III', 'Provident perspiciatis eveniet soluta fuga consequatur omnis iure necessitatibus. Quia cumque maiores eius sint quas quos facere hic.', 0, '2021-02-06 15:41:13', '2021-02-06 15:41:13'),
(90, 20, 'Bridget Sporer', 'Accusamus necessitatibus aut qui rerum. Esse repudiandae magnam velit fugiat quia earum.', 0, '2021-02-06 15:41:13', '2021-02-06 15:41:13'),
(91, 21, 'Gabriel Hirthe', 'Quisquam at ut adipisci pariatur qui unde quibusdam. Repellat fuga perferendis maxime ut praesentium reiciendis ut harum.', 0, '2021-02-06 15:41:13', '2021-02-06 15:41:13'),
(92, 13, 'Tina Botsford', 'Et ab expedita aut eum molestiae praesentium.', 5, '2021-02-06 15:41:13', '2021-02-06 15:41:13'),
(93, 6, 'Corene Parker', 'Adipisci illo magnam deserunt enim corrupti et autem.', 3, '2021-02-06 15:41:13', '2021-02-06 15:41:13'),
(94, 22, 'Scarlett Armstrong', 'Sequi quis eum et ut hic. Quam molestias consequatur expedita sed quis sunt qui occaecati.', 2, '2021-02-06 15:41:13', '2021-02-06 15:41:13'),
(95, 3, 'Freda Skiles', 'Pariatur et enim optio placeat error libero.', 3, '2021-02-06 15:41:13', '2021-02-06 15:41:13'),
(96, 52, 'Karley Oberbrunner', 'Dolor eligendi consequatur est minus.', 4, '2021-02-06 15:41:13', '2021-02-06 15:41:13'),
(97, 32, 'Mr. Leopoldo Kovacek V', 'Consequatur sunt quos ut.', 4, '2021-02-06 15:41:13', '2021-02-06 15:41:13'),
(98, 91, 'Hayden Kautzer', 'Quia aut ut voluptatum nihil. Sapiente nihil provident ut eum consequatur fugit ducimus.', 3, '2021-02-06 15:41:13', '2021-02-06 15:41:13'),
(99, 13, 'Jonas Adams', 'Et doloremque modi optio sint porro est labore.', 2, '2021-02-06 15:41:13', '2021-02-06 15:41:13'),
(100, 5, 'Raoul Kirlin', 'Et nesciunt laborum sit ab et rem corporis.', 3, '2021-02-06 15:41:13', '2021-02-06 15:41:13'),
(101, 71, 'Miss Velma McDermott', 'Quaerat ab animi deserunt quis numquam doloribus.', 2, '2021-02-06 15:41:13', '2021-02-06 15:41:13'),
(102, 113, 'Petra Pfeffer', 'Et expedita delectus alias sapiente ipsam minus laborum. Qui ex illum velit aut minus adipisci nostrum.', 2, '2021-02-06 15:41:13', '2021-02-06 15:41:13'),
(103, 84, 'Beulah Trantow', 'Eum nihil et qui quia nulla.', 2, '2021-02-06 15:41:13', '2021-02-06 15:41:13'),
(104, 94, 'Celestino Roob', 'Id nisi velit amet. Velit praesentium dolor et quam doloribus qui.', 0, '2021-02-06 15:41:13', '2021-02-06 15:41:13'),
(105, 101, 'Ms. Corrine Hermann', 'Repudiandae error officiis minima deserunt.', 1, '2021-02-06 15:41:13', '2021-02-06 15:41:13'),
(106, 11, 'Katelynn Quigley Jr.', 'Tempore sunt dolorem eaque dolor rerum suscipit iste.', 2, '2021-02-06 15:41:13', '2021-02-06 15:41:13'),
(107, 66, 'Prof. Brian Larkin Jr.', 'Quibusdam est blanditiis inventore illo sit ut molestiae.', 2, '2021-02-06 15:41:13', '2021-02-06 15:41:13'),
(108, 30, 'Santos Sipes IV', 'Necessitatibus aliquid beatae molestias possimus libero tempore quam fugiat.', 1, '2021-02-06 15:41:13', '2021-02-06 15:41:13'),
(109, 68, 'Beulah Strosin', 'Repellat expedita repudiandae quia ut doloribus. Esse voluptatem voluptatibus in maxime.', 1, '2021-02-06 15:41:13', '2021-02-06 15:41:13'),
(110, 19, 'Meagan Emmerich', 'Autem pariatur nihil dignissimos nihil. Voluptas quam cum eveniet quam reprehenderit nostrum laboriosam soluta.', 2, '2021-02-06 15:41:13', '2021-02-06 15:41:13'),
(111, 104, 'Consuelo Funk', 'Hic vero eum eum et.', 3, '2021-02-06 15:41:13', '2021-02-06 15:41:13'),
(112, 93, 'Tom King', 'Dolorem est atque asperiores.', 5, '2021-02-06 15:41:13', '2021-02-06 15:41:13'),
(113, 24, 'Aniyah Kessler', 'Omnis voluptatibus libero dolor qui.', 2, '2021-02-06 15:41:13', '2021-02-06 15:41:13'),
(114, 66, 'Mrs. Kelly Rath', 'Aliquid est repellat ratione culpa suscipit voluptas tempore esse. Aut nisi qui quae ipsa perferendis qui.', 5, '2021-02-06 15:41:13', '2021-02-06 15:41:13'),
(115, 77, 'Mattie Barrows', 'Recusandae accusamus ab est in neque nihil qui nihil. Libero qui possimus nostrum voluptatum et.', 5, '2021-02-06 15:41:13', '2021-02-06 15:41:13'),
(116, 97, 'Dixie Kirlin', 'Consequuntur sed consequuntur commodi est eaque possimus asperiores.', 5, '2021-02-06 15:41:13', '2021-02-06 15:41:13'),
(117, 39, 'Prof. Santos Kirlin', 'Nobis eius dolore non quia et. Architecto sint provident et eius soluta.', 3, '2021-02-06 15:41:13', '2021-02-06 15:41:13'),
(118, 30, 'Dr. Jimmy Schulist', 'Sequi corporis neque ea fuga ipsum recusandae. Totam maxime et sed et.', 1, '2021-02-06 15:41:13', '2021-02-06 15:41:13'),
(119, 4, 'Buster Sawayn Jr.', 'Eum ipsa facilis ut corrupti.', 3, '2021-02-06 15:41:13', '2021-02-06 15:41:13'),
(120, 55, 'Caden Schumm', 'Omnis incidunt quam est dolor magni sunt nihil culpa.', 3, '2021-02-06 15:41:13', '2021-02-06 15:41:13'),
(121, 28, 'Miss Hortense Dach PhD', 'Incidunt repudiandae quis saepe qui quo. Id est quisquam vel.', 3, '2021-02-06 15:41:13', '2021-02-06 15:41:13'),
(122, 63, 'Gussie Schuster V', 'Tempore tenetur odit et rem sed.', 3, '2021-02-06 15:41:13', '2021-02-06 15:41:13'),
(123, 47, 'Augusta Simonis', 'Praesentium nobis aut repudiandae ut veniam. Dolorem consectetur est possimus est ratione aperiam.', 5, '2021-02-06 15:41:13', '2021-02-06 15:41:13'),
(124, 95, 'Dr. Emelia Hartmann', 'Repellendus dolores neque nisi eum magni veritatis et dolore.', 3, '2021-02-06 15:41:13', '2021-02-06 15:41:13'),
(125, 110, 'Jarrell Hartmann', 'Aliquam fugiat corrupti ut et.', 1, '2021-02-06 15:41:13', '2021-02-06 15:41:13'),
(126, 10, 'Earlene McCullough', 'Placeat et sint autem.', 2, '2021-02-06 15:41:13', '2021-02-06 15:41:13'),
(127, 102, 'Prof. Mertie Wyman DDS', 'Laudantium qui esse fuga molestiae eos molestiae. Quos in est voluptas asperiores enim necessitatibus.', 5, '2021-02-06 15:41:13', '2021-02-06 15:41:13'),
(128, 18, 'Macy Gleichner', 'Quod in magnam ducimus magnam aut est illo. Voluptas quod iure voluptatum molestias architecto id possimus.', 3, '2021-02-06 15:41:13', '2021-02-06 15:41:13'),
(129, 102, 'Prof. Carlee Roberts', 'Assumenda tempora esse impedit.', 5, '2021-02-06 15:41:13', '2021-02-06 15:41:13'),
(130, 105, 'Ms. Brisa Mitchell Sr.', 'Dicta qui omnis eligendi debitis qui dolorum. Iure ad labore doloribus et harum.', 1, '2021-02-06 15:41:13', '2021-02-06 15:41:13'),
(131, 13, 'Prof. Laverna Friesen', 'Neque corrupti voluptates est accusamus repellendus amet. Ut soluta nemo eos magnam commodi.', 4, '2021-02-06 15:41:13', '2021-02-06 15:41:13'),
(132, 30, 'Mrs. Justine Murray Sr.', 'Aut similique ea ut omnis qui aut atque.', 2, '2021-02-06 15:41:13', '2021-02-06 15:41:13'),
(133, 95, 'Titus Robel III', 'Ut est unde molestiae vel.', 3, '2021-02-06 15:41:13', '2021-02-06 15:41:13'),
(134, 113, 'Parker Kuhlman', 'Odit eum sit totam voluptatum. Deserunt ullam ducimus reiciendis repellat.', 5, '2021-02-06 15:41:13', '2021-02-06 15:41:13'),
(135, 61, 'Breana Will', 'Sint aut quidem numquam minus sit itaque ut. Incidunt asperiores eligendi eum architecto deserunt velit et.', 5, '2021-02-06 15:41:13', '2021-02-06 15:41:13'),
(136, 61, 'Jamir Gutkowski', 'Cumque nostrum commodi saepe in dolorem sint.', 4, '2021-02-06 15:41:13', '2021-02-06 15:41:13'),
(137, 21, 'Serenity Balistreri', 'Cumque tempore ducimus autem.', 0, '2021-02-06 15:41:13', '2021-02-06 15:41:13'),
(138, 39, 'Ms. Anastasia Monahan III', 'Totam sit inventore voluptas dolore.', 2, '2021-02-06 15:41:13', '2021-02-06 15:41:13'),
(139, 94, 'Wendy Wiza IV', 'Vel et cumque mollitia ipsa cumque. Temporibus enim et facere temporibus consequatur vero porro.', 5, '2021-02-06 15:41:13', '2021-02-06 15:41:13'),
(140, 88, 'Madaline Kuhic', 'Dolorem exercitationem alias fuga voluptatem sint suscipit.', 2, '2021-02-06 15:41:13', '2021-02-06 15:41:13'),
(141, 62, 'Mrs. Reva Adams V', 'Explicabo dolor natus sint quam non doloribus. Voluptatem eius et sint.', 2, '2021-02-06 15:41:13', '2021-02-06 15:41:13'),
(142, 104, 'Lilly Reinger', 'Pariatur voluptates et facilis officia provident repellendus quibusdam. Non minus dolores quo ipsa aut veniam.', 3, '2021-02-06 15:41:13', '2021-02-06 15:41:13'),
(143, 113, 'Kathryn Hudson', 'Quisquam et excepturi provident possimus unde.', 4, '2021-02-06 15:41:13', '2021-02-06 15:41:13'),
(144, 16, 'Monty Olson', 'Dolores ipsam provident sunt et libero.', 3, '2021-02-06 15:41:13', '2021-02-06 15:41:13'),
(145, 108, 'Hassie West', 'Tempore velit voluptatibus asperiores voluptatibus dolores ratione.', 4, '2021-02-06 15:41:13', '2021-02-06 15:41:13'),
(146, 111, 'Prof. Yessenia Howe', 'Voluptatum aspernatur cupiditate exercitationem.', 0, '2021-02-06 15:41:13', '2021-02-06 15:41:13'),
(147, 96, 'Miss Beaulah Roob MD', 'Quo explicabo consequatur impedit esse. Quia voluptatibus minima alias aut quam officia et.', 2, '2021-02-06 15:41:13', '2021-02-06 15:41:13'),
(148, 61, 'Gustave Zieme', 'Voluptate tempore et qui pariatur. Debitis molestiae voluptatem possimus fugiat maiores eligendi aliquam.', 4, '2021-02-06 15:41:13', '2021-02-06 15:41:13'),
(149, 107, 'Miss Creola Hudson II', 'Eveniet dignissimos doloremque velit ut ab quibusdam perspiciatis.', 5, '2021-02-06 15:41:13', '2021-02-06 15:41:13'),
(150, 100, 'Ms. Emilia Stamm Jr.', 'Rem tenetur omnis quod quos provident excepturi. Provident quisquam ipsam a quae velit consectetur dolorem.', 5, '2021-02-06 15:41:13', '2021-02-06 15:41:13'),
(151, 67, 'Vivienne Bednar', 'Temporibus et quo cupiditate similique rerum voluptates.', 1, '2021-02-06 15:41:13', '2021-02-06 15:41:13'),
(152, 77, 'Adelbert Hettinger Jr.', 'Ut incidunt delectus suscipit quod quia maxime dolore nam.', 5, '2021-02-06 15:41:13', '2021-02-06 15:41:13'),
(153, 71, 'Giovanna Osinski Sr.', 'Beatae consequatur impedit laboriosam ut veritatis. Ut voluptatum ea fuga deleniti illo.', 0, '2021-02-06 15:41:13', '2021-02-06 15:41:13'),
(154, 70, 'Janice Mann Sr.', 'Rerum incidunt iusto dolorem rerum tempora occaecati vero. Totam qui ut quaerat.', 3, '2021-02-06 15:41:14', '2021-02-06 15:41:14'),
(155, 73, 'Marcia Hegmann', 'Numquam aspernatur incidunt quod fuga.', 3, '2021-02-06 15:41:14', '2021-02-06 15:41:14'),
(156, 63, 'Ellen Bartell', 'Dolores nulla commodi ad non. Suscipit dicta numquam est ut consequatur.', 4, '2021-02-06 15:41:14', '2021-02-06 15:41:14'),
(157, 39, 'Cleo Flatley III', 'Recusandae odio non dolore omnis deleniti vitae sed.', 1, '2021-02-06 15:41:14', '2021-02-06 15:41:14'),
(158, 107, 'Creola Jacobs', 'Quas rerum cumque iure.', 4, '2021-02-06 15:41:14', '2021-02-06 15:41:14'),
(159, 60, 'Dr. Kaela Veum Sr.', 'Vero ea consequatur dolores vero quos quidem et ea.', 3, '2021-02-06 15:41:14', '2021-02-06 15:41:14'),
(160, 30, 'Dr. Tad Robel I', 'Odit dolores numquam ea eveniet.', 1, '2021-02-06 15:41:14', '2021-02-06 15:41:14'),
(161, 100, 'Rylan Tremblay', 'Velit quae aperiam et mollitia aliquam officia. Voluptates eligendi nisi vel.', 4, '2021-02-06 15:41:14', '2021-02-06 15:41:14'),
(162, 38, 'August Effertz', 'Fuga nobis et sequi aspernatur dolor et. Sunt repellat est voluptatem sunt voluptas hic.', 2, '2021-02-06 15:41:14', '2021-02-06 15:41:14'),
(163, 47, 'Lester Dach', 'Numquam assumenda odit inventore aut sit. Suscipit tempore aperiam libero voluptatem quibusdam.', 4, '2021-02-06 15:41:14', '2021-02-06 15:41:14'),
(164, 102, 'Domingo Conroy III', 'Et similique est ut corrupti voluptas iste. Ducimus iure rerum voluptas porro molestiae.', 3, '2021-02-06 15:41:14', '2021-02-06 15:41:14'),
(165, 49, 'Nigel Ritchie', 'Fuga quo molestiae quisquam culpa labore. Quis ipsum labore aut.', 1, '2021-02-06 15:41:14', '2021-02-06 15:41:14'),
(166, 35, 'Max Botsford', 'Quo quasi ducimus commodi. Pariatur aut id voluptatem et.', 2, '2021-02-06 15:41:14', '2021-02-06 15:41:14'),
(167, 52, 'Adell Wilderman DDS', 'Repudiandae repudiandae eveniet tempora sed quo quia velit.', 3, '2021-02-06 15:41:14', '2021-02-06 15:41:14'),
(168, 79, 'Maximillian Doyle', 'Hic et iure vel molestiae excepturi neque magni officiis.', 0, '2021-02-06 15:41:14', '2021-02-06 15:41:14'),
(169, 61, 'Janick Waters', 'Cupiditate ullam ad enim sed sed. Deleniti necessitatibus quae dolorem vitae.', 5, '2021-02-06 15:41:14', '2021-02-06 15:41:14'),
(170, 42, 'Lisa Daugherty', 'Eius facilis sapiente nobis enim et.', 5, '2021-02-06 15:41:14', '2021-02-06 15:41:14'),
(171, 54, 'Enola Reynolds', 'Repudiandae quo omnis assumenda recusandae aliquam. Consequatur est natus voluptas.', 0, '2021-02-06 15:41:14', '2021-02-06 15:41:14'),
(172, 105, 'Lenora Sanford', 'Atque iusto veniam voluptatem omnis. Neque et sit tempora quia ex possimus sint.', 4, '2021-02-06 15:41:14', '2021-02-06 15:41:14'),
(173, 15, 'Prof. Willy Watsica II', 'Velit ut tenetur aspernatur asperiores.', 5, '2021-02-06 15:41:14', '2021-02-06 15:41:14'),
(174, 36, 'Rosamond Jerde', 'Tenetur aliquam eos impedit.', 2, '2021-02-06 15:41:14', '2021-02-06 15:41:14'),
(175, 94, 'Marlin Farrell', 'Eum qui aut officiis. Fugit ex perferendis officiis et repudiandae officia.', 5, '2021-02-06 15:41:14', '2021-02-06 15:41:14'),
(176, 69, 'Dixie Greenfelder', 'Exercitationem voluptas vero veritatis repellat.', 4, '2021-02-06 15:41:14', '2021-02-06 15:41:14'),
(177, 21, 'Olen Wisoky Jr.', 'Voluptas rem aut delectus vitae quaerat saepe consequuntur. Ipsum autem quis ut quia quia nihil officia.', 5, '2021-02-06 15:41:14', '2021-02-06 15:41:14'),
(178, 99, 'Max McCullough Jr.', 'Quas consequuntur asperiores repudiandae temporibus.', 4, '2021-02-06 15:41:14', '2021-02-06 15:41:14'),
(179, 8, 'Vicenta Lowe', 'Repellat et recusandae qui aspernatur numquam.', 5, '2021-02-06 15:41:14', '2021-02-06 15:41:14'),
(180, 39, 'Uriel O\'Hara', 'Sit esse iste voluptatem dicta ex.', 5, '2021-02-06 15:41:14', '2021-02-06 15:41:14'),
(181, 60, 'Nicholas Ullrich', 'In nesciunt ut mollitia praesentium id magni.', 0, '2021-02-06 15:41:14', '2021-02-06 15:41:14'),
(182, 24, 'Cara Keebler IV', 'Quo sint quae maiores molestiae.', 1, '2021-02-06 15:41:14', '2021-02-06 15:41:14'),
(183, 79, 'Dahlia Maggio', 'Ut qui ipsa aliquid nesciunt.', 4, '2021-02-06 15:41:14', '2021-02-06 15:41:14'),
(184, 83, 'Mrs. Telly Walker IV', 'Consequuntur iusto in molestias omnis.', 0, '2021-02-06 15:41:14', '2021-02-06 15:41:14'),
(185, 90, 'Jeanne Gleason', 'Similique molestiae ducimus dolor nisi voluptatibus. Voluptates doloremque nemo quis id.', 0, '2021-02-06 15:41:14', '2021-02-06 15:41:14'),
(186, 62, 'Dariana Thiel DVM', 'Sint ut veniam dolor sit repellendus. Velit debitis corrupti provident deserunt iste alias a.', 0, '2021-02-06 15:41:14', '2021-02-06 15:41:14'),
(187, 54, 'Alexys Oberbrunner', 'Rerum quisquam autem architecto non. Commodi ex quibusdam commodi officia voluptatem voluptates.', 4, '2021-02-06 15:41:14', '2021-02-06 15:41:14'),
(188, 25, 'Wilford West', 'Vero et rerum aspernatur neque. Officia animi veniam dolor eum eligendi quasi molestias illo.', 5, '2021-02-06 15:41:14', '2021-02-06 15:41:14'),
(189, 95, 'Mrs. Cierra Simonis Sr.', 'Qui voluptatibus et omnis error et. Ducimus aut laudantium aut aperiam sed tempora.', 3, '2021-02-06 15:41:14', '2021-02-06 15:41:14'),
(190, 54, 'Kianna Dare', 'Maxime consectetur blanditiis magni et deserunt dignissimos ex.', 1, '2021-02-06 15:41:14', '2021-02-06 15:41:14'),
(191, 83, 'Abby Klocko DDS', 'Velit repellat sed accusantium unde.', 4, '2021-02-06 15:41:14', '2021-02-06 15:41:14'),
(192, 21, 'Mauricio Ledner', 'Et ipsa reprehenderit error.', 1, '2021-02-06 15:41:14', '2021-02-06 15:41:14'),
(193, 88, 'Joseph Kirlin', 'Reprehenderit temporibus fugit ea accusantium voluptatem dolores odio. In sunt accusamus laudantium assumenda eaque perferendis.', 4, '2021-02-06 15:41:14', '2021-02-06 15:41:14'),
(194, 59, 'Prof. Stuart Stehr', 'Quia quaerat voluptas magni vel est alias veniam. Aut est possimus optio dolorem rem.', 1, '2021-02-06 15:41:14', '2021-02-06 15:41:14'),
(195, 30, 'Ms. Pasquale Schuppe', 'Repellendus vitae molestias aut voluptatem non.', 3, '2021-02-06 15:41:14', '2021-02-06 15:41:14'),
(196, 90, 'Leone Swift', 'Quas accusamus ratione cumque facere praesentium et odio.', 1, '2021-02-06 15:41:14', '2021-02-06 15:41:14'),
(197, 98, 'Colby Schmidt V', 'Illum sapiente minus cum illo dolore. Dolor voluptate aspernatur consequatur ea.', 5, '2021-02-06 15:41:14', '2021-02-06 15:41:14'),
(198, 77, 'Isobel DuBuque', 'Ut non est quia minus occaecati totam quisquam. Dolor dolorem consequatur odit similique.', 2, '2021-02-06 15:41:14', '2021-02-06 15:41:14'),
(199, 111, 'Kareem Terry', 'In tenetur accusamus asperiores dolores id aut.', 4, '2021-02-06 15:41:14', '2021-02-06 15:41:14'),
(200, 27, 'Colby Kassulke', 'Sed enim est delectus aut sit.', 1, '2021-02-06 15:41:14', '2021-02-06 15:41:14'),
(201, 66, 'Bernard Schultz', 'Eos dolores fuga laboriosam officiis. Dolor ut quo impedit et eius velit voluptas.', 4, '2021-02-06 15:41:14', '2021-02-06 15:41:14'),
(202, 24, 'Frederique Lakin Sr.', 'Corrupti excepturi nam esse est asperiores.', 1, '2021-02-06 15:41:14', '2021-02-06 15:41:14'),
(203, 95, 'Miss Magali Mann', 'Tenetur et placeat harum numquam.', 4, '2021-02-06 15:41:14', '2021-02-06 15:41:14'),
(204, 30, 'Rodrick Kris', 'Soluta officia qui et recusandae.', 5, '2021-02-06 15:41:14', '2021-02-06 15:41:14'),
(205, 61, 'Mariano Barton', 'Placeat in non soluta et.', 4, '2021-02-06 15:41:14', '2021-02-06 15:41:14'),
(206, 63, 'Prof. Nathaniel Kirlin', 'Sint praesentium magnam omnis numquam. Eos quia voluptas molestiae et.', 5, '2021-02-06 15:41:14', '2021-02-06 15:41:14'),
(207, 15, 'Myrtle Jacobson', 'Est aut ipsam nobis. Nemo et sed molestias recusandae id.', 4, '2021-02-06 15:41:14', '2021-02-06 15:41:14'),
(208, 82, 'Esmeralda Gottlieb', 'Possimus excepturi nobis doloremque. Fugiat architecto id commodi autem.', 4, '2021-02-06 15:41:14', '2021-02-06 15:41:14'),
(209, 99, 'Bonnie Bins V', 'Debitis facilis ut rem eius. Sint aut voluptate et est ut voluptatem.', 5, '2021-02-06 15:41:14', '2021-02-06 15:41:14'),
(210, 39, 'Austyn Bins Jr.', 'Voluptas laborum sint et aspernatur. Ea in eum quos ratione beatae.', 1, '2021-02-06 15:41:14', '2021-02-06 15:41:14'),
(211, 10, 'Miss Blanche Stokes IV', 'Neque ut possimus laborum deleniti. Inventore mollitia tempore architecto magnam consequatur reiciendis non.', 5, '2021-02-06 15:41:14', '2021-02-06 15:41:14'),
(212, 40, 'Hipolito Hoeger III', 'Suscipit et id nihil rerum. Rerum et et et quibusdam nihil veritatis.', 2, '2021-02-06 15:41:14', '2021-02-06 15:41:14'),
(213, 100, 'Helena Veum', 'Mollitia veniam quas ut id quas et quisquam maiores. Delectus aut fuga quia quibusdam ex pariatur magni.', 4, '2021-02-06 15:41:14', '2021-02-06 15:41:14'),
(214, 51, 'Marietta Fisher', 'Impedit molestiae facere fugiat voluptatum velit laboriosam facere.', 3, '2021-02-06 15:41:14', '2021-02-06 15:41:14'),
(215, 13, 'Mr. Mohammad Kris I', 'Quisquam voluptatibus dignissimos quia dolore magnam libero. Vero animi tempora optio ut recusandae voluptatem.', 5, '2021-02-06 15:41:14', '2021-02-06 15:41:14'),
(216, 82, 'Dina Kiehn', 'Qui dicta iusto ut repellendus eos assumenda.', 2, '2021-02-06 15:41:14', '2021-02-06 15:41:14'),
(217, 24, 'Lou Volkman', 'Ea non libero at voluptatum atque aliquam facere unde.', 0, '2021-02-06 15:41:14', '2021-02-06 15:41:14'),
(218, 91, 'Dr. Tia Gottlieb', 'Et illo quisquam molestiae quo ut delectus.', 0, '2021-02-06 15:41:14', '2021-02-06 15:41:14'),
(219, 96, 'Kamren Miller Jr.', 'Quas iste corporis laborum quo nesciunt ullam enim quae.', 3, '2021-02-06 15:41:14', '2021-02-06 15:41:14'),
(220, 32, 'Dana Wisoky MD', 'Beatae dolor qui consequatur est saepe.', 5, '2021-02-06 15:41:14', '2021-02-06 15:41:14'),
(221, 61, 'Daron Cronin', 'Qui aliquam est consequatur deserunt soluta quaerat. Ea mollitia aliquam qui quia quia.', 2, '2021-02-06 15:41:14', '2021-02-06 15:41:14'),
(222, 104, 'Granville Schmidt MD', 'Qui quos deleniti est. Quidem et ut quasi consequatur.', 4, '2021-02-06 15:41:14', '2021-02-06 15:41:14'),
(223, 16, 'Prof. Colt Gerhold', 'Aut id ut sint est id tempore. At illum aliquam doloribus qui distinctio.', 4, '2021-02-06 15:41:14', '2021-02-06 15:41:14'),
(224, 5, 'Rachelle Hettinger', 'Non doloremque aperiam cupiditate quae. Qui sunt labore et ullam itaque hic accusamus.', 2, '2021-02-06 15:41:14', '2021-02-06 15:41:14'),
(225, 93, 'Prof. Elenora Harber Jr.', 'Et quod accusamus et molestias perspiciatis repudiandae ut dolores. Officiis ipsum aut in aut cupiditate ipsa.', 1, '2021-02-06 15:41:14', '2021-02-06 15:41:14'),
(226, 106, 'Kyler Morissette', 'Et qui quos ea voluptas. Unde debitis debitis minus officia minima.', 1, '2021-02-06 15:41:14', '2021-02-06 15:41:14'),
(227, 23, 'Joy Doyle', 'Non soluta magni sunt facere similique nulla sapiente eos.', 5, '2021-02-06 15:41:14', '2021-02-06 15:41:14'),
(228, 61, 'Prof. Arlo King V', 'Magnam rerum sit impedit excepturi.', 2, '2021-02-06 15:41:14', '2021-02-06 15:41:14'),
(229, 5, 'Mara Kuhlman', 'Et numquam minima vel similique ea. Ut recusandae saepe dolor tempora.', 2, '2021-02-06 15:41:14', '2021-02-06 15:41:14'),
(230, 9, 'Ms. Jaida Wehner', 'Nemo eius sequi modi molestiae est. Illo amet tenetur aliquid id fugiat ex natus sequi.', 3, '2021-02-06 15:41:14', '2021-02-06 15:41:14'),
(231, 115, 'Brandyn Wiza', 'Nostrum esse accusamus ab officiis assumenda hic asperiores corporis.', 3, '2021-02-06 15:41:14', '2021-02-06 15:41:14'),
(232, 21, 'Lulu Christiansen', 'Sint quaerat voluptatem rerum voluptas nihil. Excepturi quae ducimus earum ex.', 1, '2021-02-06 15:41:14', '2021-02-06 15:41:14'),
(233, 3, 'Prof. Mariana Bins', 'Illum minima illum numquam asperiores ut consequatur ipsam. Illum quo placeat doloremque tempora ea.', 2, '2021-02-06 15:41:14', '2021-02-06 15:41:14'),
(234, 10, 'Dr. Jaron Willms DDS', 'Culpa explicabo ut et et quae consequatur dolorum consequatur.', 2, '2021-02-06 15:41:14', '2021-02-06 15:41:14'),
(235, 11, 'Zelda Jones', 'Quam odio perferendis labore iste. Omnis rerum veritatis vel dolorem eveniet quisquam.', 3, '2021-02-06 15:41:14', '2021-02-06 15:41:14'),
(236, 43, 'Mertie Stokes', 'Pariatur unde aliquid velit fugit. Sint veritatis asperiores nisi placeat praesentium similique.', 3, '2021-02-06 15:41:14', '2021-02-06 15:41:14'),
(237, 7, 'Wendell Batz', 'Qui voluptatum qui est sed libero qui.', 2, '2021-02-06 15:41:14', '2021-02-06 15:41:14'),
(238, 25, 'Arlie Ortiz DVM', 'Vel libero accusamus unde nihil. Repellendus neque minima esse similique.', 3, '2021-02-06 15:41:14', '2021-02-06 15:41:14'),
(239, 109, 'Samantha O\'Connell DDS', 'Quidem numquam impedit ex esse hic.', 5, '2021-02-06 15:41:14', '2021-02-06 15:41:14'),
(240, 69, 'Maude Ledner', 'Eos quia qui qui voluptatum nisi optio.', 0, '2021-02-06 15:41:14', '2021-02-06 15:41:14'),
(241, 37, 'Jocelyn Marquardt DDS', 'Enim est sequi quibusdam rerum dignissimos dolor.', 5, '2021-02-06 15:41:14', '2021-02-06 15:41:14'),
(242, 50, 'Alphonso Kohler', 'Doloremque corrupti eligendi omnis blanditiis voluptatem quia. Ad eum ea cupiditate maxime laudantium culpa.', 4, '2021-02-06 15:41:14', '2021-02-06 15:41:14'),
(243, 50, 'Jennie Murphy', 'Rerum ab voluptatem assumenda sint et et.', 3, '2021-02-06 15:41:14', '2021-02-06 15:41:14'),
(244, 24, 'Laurine Graham', 'Earum temporibus sit aut ex. Architecto suscipit perferendis sit iusto placeat.', 4, '2021-02-06 15:41:14', '2021-02-06 15:41:14'),
(245, 42, 'Anahi Crist II', 'Dolorem eveniet saepe nulla voluptas in qui.', 0, '2021-02-06 15:41:14', '2021-02-06 15:41:14'),
(246, 10, 'Maymie Champlin IV', 'Rerum quibusdam doloremque provident corporis. Similique ullam odio est iusto non possimus.', 3, '2021-02-06 15:41:14', '2021-02-06 15:41:14'),
(247, 42, 'Alisha Bahringer', 'Consequatur qui quos sit. Quis repellat nam illum aliquid optio non et.', 5, '2021-02-06 15:41:14', '2021-02-06 15:41:14'),
(248, 36, 'Timothy Oberbrunner', 'Quibusdam voluptatem sit dolore praesentium cupiditate quisquam.', 4, '2021-02-06 15:41:14', '2021-02-06 15:41:14'),
(249, 114, 'Winston D\'Amore', 'Perspiciatis porro et repellat eaque quia reiciendis nobis aliquid.', 5, '2021-02-06 15:41:14', '2021-02-06 15:41:14'),
(250, 67, 'Annamarie Schiller MD', 'Facilis sed eaque facere iusto animi.', 0, '2021-02-06 15:41:14', '2021-02-06 15:41:14'),
(251, 61, 'Ressie Rolfson', 'Qui ut nihil architecto blanditiis totam.', 3, '2021-02-06 15:41:14', '2021-02-06 15:41:14'),
(252, 103, 'Ronaldo Wunsch', 'Dicta dolorum corrupti velit possimus consequuntur. Ea natus et quidem eveniet sed consequatur.', 2, '2021-02-06 15:41:14', '2021-02-06 15:41:14'),
(253, 84, 'Kennedi Torp', 'Rerum sint maxime odit expedita eos quo illum.', 3, '2021-02-06 15:41:14', '2021-02-06 15:41:14'),
(254, 46, 'Howard Veum', 'Alias repudiandae modi aliquid et aut qui voluptate. Praesentium qui et sit dicta optio consequatur aliquid.', 2, '2021-02-06 15:41:14', '2021-02-06 15:41:14'),
(255, 36, 'Mr. Darius Wiegand MD', 'Laudantium amet eveniet minus voluptatem.', 5, '2021-02-06 15:41:14', '2021-02-06 15:41:14'),
(256, 103, 'Joelle Gulgowski', 'Eaque architecto illo ad harum. Vitae qui quas est est eveniet voluptatem cumque repudiandae.', 2, '2021-02-06 15:41:14', '2021-02-06 15:41:14'),
(257, 101, 'Liana Renner', 'Eaque excepturi ducimus et qui molestias reiciendis.', 1, '2021-02-06 15:41:14', '2021-02-06 15:41:14'),
(258, 45, 'Prof. Candelario Rohan DVM', 'Enim quaerat et ut repudiandae. Earum architecto deleniti facilis ratione cumque.', 0, '2021-02-06 15:41:14', '2021-02-06 15:41:14'),
(259, 35, 'Clement Lemke I', 'Rerum deserunt minus rem omnis quos.', 5, '2021-02-06 15:41:14', '2021-02-06 15:41:14'),
(260, 15, 'Ms. Mary Kling DDS', 'Qui architecto iusto iusto. Cum illum distinctio est ab.', 4, '2021-02-06 15:41:14', '2021-02-06 15:41:14'),
(261, 21, 'Gia Hane', 'Recusandae voluptates fugiat quas minima quia. Quo repudiandae ea magnam asperiores quisquam.', 5, '2021-02-06 15:41:14', '2021-02-06 15:41:14'),
(262, 43, 'Mr. Jayce Hilpert', 'Nihil veniam accusantium praesentium ipsam fugiat.', 3, '2021-02-06 15:41:14', '2021-02-06 15:41:14'),
(263, 110, 'Nathen Welch', 'Consequatur doloremque similique quibusdam delectus cupiditate voluptas et est.', 5, '2021-02-06 15:41:14', '2021-02-06 15:41:14'),
(264, 6, 'Jules O\'Keefe', 'Sint et in et voluptatem natus molestiae enim. Minus recusandae iste minima dolorem enim itaque accusamus.', 2, '2021-02-06 15:41:14', '2021-02-06 15:41:14'),
(265, 5, 'Marcellus Shanahan', 'Amet ea doloremque ut et facilis. Incidunt itaque cum provident quas eos qui dolor.', 0, '2021-02-06 15:41:14', '2021-02-06 15:41:14'),
(266, 101, 'Della Schmeler', 'Voluptatem dicta quia fugit nisi. Sed ut veritatis aliquam deleniti.', 3, '2021-02-06 15:41:14', '2021-02-06 15:41:14'),
(267, 82, 'Judge Morissette', 'Dolorem est maiores quas est. Voluptatem ipsam aut quidem eos.', 2, '2021-02-06 15:41:14', '2021-02-06 15:41:14'),
(268, 1, 'Van Satterfield', 'Corrupti et tempore libero.', 0, '2021-02-06 15:41:14', '2021-02-06 15:41:14'),
(269, 13, 'Gayle Harvey', 'Reprehenderit quia ea dolor odit nobis hic.', 1, '2021-02-06 15:41:14', '2021-02-06 15:41:14'),
(270, 23, 'Kamron Ankunding IV', 'Reiciendis dolorem quo nostrum quod animi iste fugit.', 0, '2021-02-06 15:41:14', '2021-02-06 15:41:14'),
(271, 12, 'Dr. Hoyt Borer', 'Quis omnis quia fugit provident est sint.', 0, '2021-02-06 15:41:14', '2021-02-06 15:41:14'),
(272, 23, 'Myles Grimes', 'Impedit velit aut iure est non nesciunt esse.', 5, '2021-02-06 15:41:14', '2021-02-06 15:41:14'),
(273, 102, 'Delpha Wiza', 'Nemo et qui perferendis in aut id temporibus. Vel quis quam ut molestiae molestias.', 1, '2021-02-06 15:41:14', '2021-02-06 15:41:14'),
(274, 66, 'Marcelina Sauer', 'Quasi est et repellendus soluta porro adipisci. In tempore ut id occaecati delectus.', 2, '2021-02-06 15:41:14', '2021-02-06 15:41:14'),
(275, 90, 'Ola Steuber', 'Non facilis recusandae labore fugiat deserunt libero consectetur.', 3, '2021-02-06 15:41:14', '2021-02-06 15:41:14'),
(276, 63, 'Genoveva Terry', 'Aliquid voluptatem quidem quis recusandae autem ipsa. Qui exercitationem vitae autem.', 2, '2021-02-06 15:41:14', '2021-02-06 15:41:14'),
(277, 40, 'Isabella Koelpin', 'Rerum delectus fugiat reiciendis laboriosam eius doloribus quos. Et voluptatem et neque saepe quis distinctio.', 4, '2021-02-06 15:41:14', '2021-02-06 15:41:14'),
(278, 60, 'Ms. Heath Feest MD', 'Tempore impedit aut aut natus sit vitae sed.', 5, '2021-02-06 15:41:14', '2021-02-06 15:41:14'),
(279, 47, 'Icie Abbott', 'Earum sapiente corrupti laboriosam voluptatem minima et voluptatem nisi.', 3, '2021-02-06 15:41:15', '2021-02-06 15:41:15'),
(280, 17, 'Karina Stark', 'Aut similique veritatis veniam sed autem itaque odit. Optio ipsum voluptatem est rem laborum.', 4, '2021-02-06 15:41:15', '2021-02-06 15:41:15'),
(281, 72, 'Samanta Rippin', 'Itaque et excepturi perferendis ipsam iusto. Voluptatem vitae sed accusamus incidunt sint et temporibus.', 5, '2021-02-06 15:41:15', '2021-02-06 15:41:15'),
(282, 4, 'Juston Padberg', 'Aut id eos pariatur asperiores. Exercitationem a cum nobis incidunt qui explicabo excepturi.', 0, '2021-02-06 15:41:15', '2021-02-06 15:41:15'),
(283, 37, 'Dane Blanda', 'Qui aliquid rerum a. Nihil unde ex placeat minus.', 1, '2021-02-06 15:41:15', '2021-02-06 15:41:15'),
(284, 33, 'Dariana Haley', 'Consequatur corrupti maxime est quia sit commodi exercitationem. Et aut vitae quia ratione quas necessitatibus animi.', 5, '2021-02-06 15:41:15', '2021-02-06 15:41:15'),
(285, 33, 'Prof. Waldo Doyle PhD', 'Maiores ipsa excepturi ullam soluta odio consectetur. Minus impedit fugit maiores labore neque ut qui.', 4, '2021-02-06 15:41:15', '2021-02-06 15:41:15'),
(286, 47, 'Miss Michele Bahringer', 'Quidem magnam autem sequi quia. Est pariatur consequatur qui et quo facilis amet.', 0, '2021-02-06 15:41:15', '2021-02-06 15:41:15'),
(287, 110, 'Prof. Lucie Kemmer PhD', 'In et reiciendis et culpa modi et est nulla.', 5, '2021-02-06 15:41:15', '2021-02-06 15:41:15'),
(288, 68, 'Elwyn Grant', 'Rerum quos dolores perferendis eaque quasi facere autem.', 3, '2021-02-06 15:41:15', '2021-02-06 15:41:15'),
(289, 25, 'Kiana Hackett I', 'Quam aut sed dolore sunt illum.', 5, '2021-02-06 15:41:15', '2021-02-06 15:41:15'),
(290, 112, 'Gisselle Harvey', 'Voluptatem illo porro reprehenderit. Tempore nemo veritatis qui numquam.', 2, '2021-02-06 15:41:15', '2021-02-06 15:41:15'),
(291, 33, 'Bryon Windler', 'In velit vero sapiente non ea dolores sit.', 5, '2021-02-06 15:41:15', '2021-02-06 15:41:15'),
(292, 26, 'Miss Aylin Bins DVM', 'Distinctio neque recusandae distinctio reiciendis in rerum. Error vitae incidunt aut minus.', 0, '2021-02-06 15:41:15', '2021-02-06 15:41:15'),
(293, 63, 'Noble Botsford', 'Ratione alias et voluptas consectetur magnam ut. Incidunt asperiores doloribus saepe optio officiis.', 4, '2021-02-06 15:41:15', '2021-02-06 15:41:15'),
(294, 107, 'Baby Kirlin', 'Autem voluptatem ut temporibus dolor vitae aut. Est earum molestias a impedit vitae doloribus.', 4, '2021-02-06 15:41:15', '2021-02-06 15:41:15'),
(295, 78, 'Celine Kerluke Sr.', 'Esse minus libero sapiente voluptas ut.', 4, '2021-02-06 15:41:15', '2021-02-06 15:41:15'),
(296, 88, 'Prof. Esperanza Reichel DDS', 'Dolores sed libero molestias voluptas.', 1, '2021-02-06 15:41:15', '2021-02-06 15:41:15'),
(297, 27, 'Jerald Fritsch', 'Voluptatem hic repudiandae laudantium similique.', 1, '2021-02-06 15:41:15', '2021-02-06 15:41:15'),
(298, 13, 'Heloise Macejkovic', 'Voluptatem eaque sapiente et dolor id et illum.', 5, '2021-02-06 15:41:15', '2021-02-06 15:41:15'),
(299, 68, 'Prof. Viva Durgan', 'Occaecati et sint officiis qui aut impedit repellendus pariatur.', 5, '2021-02-06 15:41:15', '2021-02-06 15:41:15'),
(300, 65, 'Oceane Bins', 'Aut tempora perferendis quia fuga ducimus.', 0, '2021-02-06 15:41:15', '2021-02-06 15:41:15');

-- --------------------------------------------------------

--
-- Table structure for table `users`
--

CREATE TABLE `users` (
  `id` bigint(20) UNSIGNED NOT NULL,
  `name` varchar(255) COLLATE utf8mb4_unicode_ci NOT NULL,
  `email` varchar(255) COLLATE utf8mb4_unicode_ci NOT NULL,
  `email_verified_at` timestamp NULL DEFAULT NULL,
  `password` varchar(255) COLLATE utf8mb4_unicode_ci NOT NULL,
  `remember_token` varchar(100) COLLATE utf8mb4_unicode_ci DEFAULT NULL,
  `created_at` timestamp NULL DEFAULT NULL,
  `updated_at` timestamp NULL DEFAULT NULL
) ENGINE=InnoDB DEFAULT CHARSET=utf8mb4 COLLATE=utf8mb4_unicode_ci;

--
-- Indexes for dumped tables
--

--
-- Indexes for table `failed_jobs`
--
ALTER TABLE `failed_jobs`
  ADD PRIMARY KEY (`id`);

--
-- Indexes for table `migrations`
--
ALTER TABLE `migrations`
  ADD PRIMARY KEY (`id`);

--
-- Indexes for table `password_resets`
--
ALTER TABLE `password_resets`
  ADD KEY `password_resets_email_index` (`email`);

--
-- Indexes for table `products`
--
ALTER TABLE `products`
  ADD PRIMARY KEY (`id`);

--
-- Indexes for table `reviews`
--
ALTER TABLE `reviews`
  ADD PRIMARY KEY (`id`),
  ADD KEY `reviews_product_id_index` (`product_id`);

--
-- Indexes for table `users`
--
ALTER TABLE `users`
  ADD PRIMARY KEY (`id`),
  ADD UNIQUE KEY `users_email_unique` (`email`);

--
-- AUTO_INCREMENT for dumped tables
--

--
-- AUTO_INCREMENT for table `failed_jobs`
--
ALTER TABLE `failed_jobs`
  MODIFY `id` bigint(20) UNSIGNED NOT NULL AUTO_INCREMENT;

--
-- AUTO_INCREMENT for table `migrations`
--
ALTER TABLE `migrations`
  MODIFY `id` int(10) UNSIGNED NOT NULL AUTO_INCREMENT, AUTO_INCREMENT=6;

--
-- AUTO_INCREMENT for table `products`
--
ALTER TABLE `products`
  MODIFY `id` int(10) UNSIGNED NOT NULL AUTO_INCREMENT, AUTO_INCREMENT=116;

--
-- AUTO_INCREMENT for table `reviews`
--
ALTER TABLE `reviews`
  MODIFY `id` int(10) UNSIGNED NOT NULL AUTO_INCREMENT, AUTO_INCREMENT=301;

--
-- AUTO_INCREMENT for table `users`
--
ALTER TABLE `users`
  MODIFY `id` bigint(20) UNSIGNED NOT NULL AUTO_INCREMENT;

--
-- Constraints for dumped tables
--

--
-- Constraints for table `reviews`
--
ALTER TABLE `reviews`
  ADD CONSTRAINT `reviews_product_id_foreign` FOREIGN KEY (`product_id`) REFERENCES `products` (`id`) ON DELETE CASCADE;
COMMIT;

/*!40101 SET CHARACTER_SET_CLIENT=@OLD_CHARACTER_SET_CLIENT */;
/*!40101 SET CHARACTER_SET_RESULTS=@OLD_CHARACTER_SET_RESULTS */;
/*!40101 SET COLLATION_CONNECTION=@OLD_COLLATION_CONNECTION */;
